"fip","H.Clinton"
"33001","3490"
"33003","3230"
"33005","5166"
"33007","2013"
"33009","6918"
"33011","28099"
"33013","12209"
"33015","22829"
"33017","8801"
"33019","2497"
"45001","1501"
"45003","6888"
"45005","1022"
"45007","5550"
"45009","1715"
"45011","1560"
"45013","9945"
"45015","9471"
"45017","1536"
"45019","26535"
"45021","1870"
"45023","1962"
"45025","2209"
"45027","3564"
"45029","2932"
"45031","4988"
"45033","1615"
"45035","6920"
"45037","1474"
"45039","3260"
"45041","9411"
"45043","4931"
"45045","19807"
"45047","3588"
"45049","1930"
"45051","11294"
"45053","2194"
"45055","3743"
"45057","3332"
"45059","2952"
"45061","2207"
"45063","8810"
"45067","3359"
"45069","2132"
"45065","973"
"45071","2118"
"45073","1960"
"45075","11819"
"45077","2499"
"45079","39243"
"45081","1023"
"45083","10662"
"45085","9816"
"45087","1690"
"45089","4609"
"45091","8895"
"32510","79"
"32001","46"
"32003","4767"
"32005","85"
"32007","38"
"32009","7"
"32011","3"
"32013","27"
"32015","20"
"32017","38"
"32019","80"
"32021","39"
"32023","94"
"32027","32"
"32029","35"
"32031","872"
"32033","47"
"1001","2387"
"1003","5290"
"1005","2567"
"1007","942"
"1009","564"
"1011","2451"
"1013","2196"
"1015","5011"
"1017","2899"
"1019","712"
"1021","860"
"1023","1772"
"1025","3148"
"1027","807"
"1029","221"
"1031","1493"
"1033","3879"
"1035","2031"
"1037","1012"
"1039","737"
"1041","908"
"1043","1275"
"1045","1544"
"1047","8577"
"1049","1297"
"1051","3019"
"1053","2027"
"1055","4262"
"1057","660"
"1059","1233"
"1061","544"
"1063","2714"
"1065","2426"
"1067","1170"
"1069","3044"
"1071","1327"
"1073","67357"
"1075","442"
"1077","3676"
"1079","2047"
"1081","7137"
"1083","3199"
"1085","3782"
"1087","4293"
"1089","19995"
"1091","3590"
"1093","567"
"1095","1494"
"1097","28927"
"1099","2438"
"1101","28650"
"1103","3897"
"1105","2575"
"1107","2326"
"1109","2183"
"1111","1236"
"1113","4381"
"1117","6657"
"1115","1808"
"1119","2987"
"1121","5561"
"1123","2658"
"1125","12136"
"1127","1772"
"1129","1511"
"1131","3337"
"1133","303"
"0","99"
"5001","724"
"5003","1375"
"5005","1391"
"5007","5650"
"5009","721"
"5011","593"
"5013","413"
"5015","0"
"5017","1370"
"5019","1650"
"5021","960"
"5023","758"
"5025","382"
"5027","1008"
"5029","1755"
"5031","3543"
"5033","1586"
"5035","3379"
"5037","780"
"5039","693"
"5041","1342"
"5043","1250"
"5045","4077"
"5047","667"
"5049","701"
"5051","4057"
"5053","690"
"5055","1236"
"5057","786"
"5059","1562"
"5061","535"
"5063","1059"
"5065","516"
"5067","702"
"5069","9936"
"5071","1056"
"5073","443"
"5075","933"
"5077","956"
"5079","599"
"5081","721"
"5083","881"
"5085","1664"
"5087","1085"
"5089","421"
"5091","1300"
"5093","2017"
"5095","843"
"5097","316"
"5099","647"
"5101","192"
"5103","2095"
"5105","648"
"5107","2696"
"5109","367"
"5111","717"
"5113","349"
"5115","1680"
"5117","558"
"5119","34862"
"5121","662"
"5123","1912"
"5125","4358"
"5127","306"
"5129","221"
"5131","3694"
"5133","342"
"5135","608"
"5137","547"
"5139","2548"
"5141","770"
"5143","9110"
"5145","2024"
"5147","862"
"5149","723"
"13001","490"
"13003","201"
"13005","113"
"13007","303"
"13009","3034"
"13011","172"
"13013","1457"
"13015","2216"
"13017","779"
"13019","325"
"13021","12944"
"13023","370"
"13025","137"
"13027","714"
"13029","893"
"13031","1910"
"13033","1659"
"13035","922"
"13037","499"
"13039","1405"
"13043","434"
"13045","3173"
"13047","1082"
"13049","275"
"13051","19898"
"13053","182"
"13055","566"
"13057","4837"
"13059","7089"
"13061","297"
"13063","25130"
"13065","167"
"13067","39277"
"13069","1094"
"13071","1035"
"13073","4805"
"13075","580"
"13077","4536"
"13079","493"
"13081","729"
"13083","241"
"13085","312"
"13087","1316"
"13089","82348"
"13091","579"
"13093","737"
"13095","8891"
"13097","9375"
"13099","671"
"13101","32"
"13103","1178"
"13105","805"
"13107","755"
"13109","347"
"13111","545"
"13113","7257"
"13115","2555"
"13117","3701"
"13119","352"
"13121","82576"
"13123","489"
"13125","38"
"13127","2870"
"13129","776"
"13131","887"
"13133","1076"
"13135","37465"
"13137","608"
"13139","3482"
"13141","1112"
"13143","413"
"13145","1372"
"13147","740"
"13149","276"
"13151","15639"
"13153","6274"
"13155","326"
"13157","1193"
"13159","632"
"13161","400"
"13163","1519"
"13165","355"
"13167","388"
"13169","1585"
"13171","868"
"13173","234"
"13175","2294"
"13177","1009"
"13179","2783"
"13181","538"
"13183","261"
"13185","3891"
"13187","560"
"13193","977"
"13195","656"
"13197","431"
"13189","1274"
"13191","863"
"13199","1463"
"13201","159"
"13205","1338"
"13207","1250"
"13209","287"
"13211","910"
"13213","444"
"13215","12801"
"13217","7269"
"13219","1223"
"13221","561"
"13223","4095"
"13225","1675"
"13227","431"
"13229","219"
"13231","417"
"13233","944"
"13235","376"
"13237","871"
"13239","193"
"13241","397"
"13243","690"
"13245","16269"
"13247","7930"
"13249","146"
"13251","771"
"13253","470"
"13255","3129"
"13257","460"
"13259","460"
"13261","1960"
"13263","852"
"13265","236"
"13267","518"
"13269","476"
"13271","426"
"13273","804"
"13275","2053"
"13277","1151"
"13279","562"
"13281","312"
"13283","300"
"13285","3357"
"13287","330"
"13289","818"
"13291","573"
"13293","1236"
"13295","1009"
"13297","2309"
"13299","919"
"13301","468"
"13303","1741"
"13305","700"
"13307","170"
"13309","177"
"13311","498"
"13313","1536"
"13315","302"
"13317","702"
"13319","832"
"13321","684"
"25001","21847"
"25003","12616"
"25005","36751"
"25007","2311"
"25009","65391"
"25011","5483"
"25013","31715"
"25015","14274"
"25017","169552"
"25019","979"
"25021","71275"
"25023","39051"
"25025","79083"
"25027","53456"
"1","5451"
"2","8221"
"3","10839"
"4","12346"
"5","21578"
"6","4756"
"7","3852"
"8","6467"
"40001","582"
"40003","92"
"40005","370"
"40007","52"
"40009","464"
"40011","313"
"40013","1050"
"40015","1060"
"40017","3357"
"40019","1240"
"40021","2023"
"40023","384"
"40025","22"
"40027","10433"
"40029","136"
"40031","3523"
"40033","204"
"40035","609"
"40037","2301"
"40039","750"
"40041","1447"
"40043","134"
"40045","70"
"40047","1403"
"40049","909"
"40051","1629"
"40053","125"
"40055","164"
"40057","122"
"40059","68"
"40061","475"
"40063","537"
"40065","505"
"40067","197"
"40069","260"
"40071","1288"
"40073","268"
"40075","331"
"40077","499"
"40079","1498"
"40081","1161"
"40083","1314"
"40085","314"
"40093","140"
"40095","400"
"40097","1659"
"40087","1157"
"40089","712"
"40091","1022"
"40099","544"
"40101","3381"
"40103","362"
"40105","406"
"40107","421"
"40109","34255"
"40111","1867"
"40113","2390"
"40115","972"
"40117","603"
"40119","2622"
"40121","1717"
"40123","1186"
"40125","2300"
"40127","317"
"40129","100"
"40131","2810"
"40133","932"
"40135","1359"
"40137","1174"
"40139","267"
"40141","214"
"40143","25372"
"40145","2493"
"40147","1649"
"40149","292"
"40151","217"
"40153","343"
"47001","2328"
"47003","1208"
"47005","560"
"47007","398"
"47009","2736"
"47011","1644"
"47013","656"
"47015","439"
"47017","721"
"47019","774"
"47021","1065"
"47023","342"
"47025","544"
"47027","270"
"47029","463"
"47031","1503"
"47033","424"
"47035","1312"
"47037","43691"
"47039","330"
"47041","641"
"47043","1497"
"47045","822"
"47047","2003"
"47049","352"
"47051","1590"
"47053","1549"
"47055","915"
"47057","283"
"47059","1079"
"47061","445"
"47063","951"
"47065","15598"
"47067","80"
"47069","1721"
"47071","591"
"47073","906"
"47075","1197"
"47077","443"
"47079","957"
"47081","543"
"47083","320"
"47085","737"
"47087","407"
"47089","735"
"47091","245"
"47093","13137"
"47095","186"
"47097","1035"
"47099","1332"
"47101","232"
"47103","728"
"47105","1026"
"47111","343"
"47113","4351"
"47115","1046"
"47117","838"
"47119","2366"
"47107","1027"
"47109","719"
"47121","354"
"47123","1232"
"47125","5555"
"47127","209"
"47129","356"
"47131","760"
"47133","885"
"47135","215"
"47137","214"
"47139","757"
"47141","1916"
"47143","503"
"47145","1454"
"47147","1918"
"47149","8243"
"47151","273"
"47153","273"
"47155","1259"
"47157","66465"
"47159","654"
"47161","527"
"47163","2653"
"47165","4225"
"47167","1454"
"47169","321"
"47171","244"
"47173","316"
"47175","242"
"47177","1318"
"47179","2444"
"47181","208"
"47183","860"
"47185","688"
"47187","6055"
"47189","3873"
"48001","994"
"48003","76"
"48005","1950"
"48007","488"
"48009","99"
"48011","1"
"48013","1355"
"48015","492"
"48017","84"
"48019","378"
"48021","2894"
"48023","46"
"48025","1132"
"48027","7416"
"48029","76502"
"48031","229"
"48033","4"
"48035","353"
"48037","2436"
"48039","8996"
"48041","3559"
"48043","699"
"48045","16"
"48047","1603"
"48049","319"
"48051","469"
"48053","871"
"48055","1657"
"48057","1024"
"48059","86"
"48061","20326"
"48063","484"
"48065","50"
"48067","777"
"48069","127"
"48071","687"
"48073","989"
"48075","54"
"48077","120"
"48079","4"
"48081","25"
"48083","75"
"48085","23591"
"48087","36"
"48089","474"
"48091","3109"
"48093","217"
"48095","27"
"48097","449"
"48099","1010"
"48101","26"
"48103","62"
"48105","266"
"48107","131"
"48109","355"
"48111","24"
"48113","113574"
"48115","92"
"48117","200"
"48119","110"
"48121","16470"
"48123","293"
"48125","13"
"48127","1804"
"48129","33"
"48131","2272"
"48133","171"
"48135","1852"
"48137","42"
"48141","36067"
"48139","3719"
"48143","427"
"48145","551"
"48147","505"
"48149","584"
"48151","226"
"48153","60"
"48155","80"
"48157","29248"
"48159","163"
"48161","380"
"48163","1864"
"48165","91"
"48167","9435"
"48169","35"
"48171","813"
"48173","4"
"48175","389"
"48177","368"
"48179","111"
"48181","1940"
"48183","3411"
"48185","583"
"48187","3787"
"48189","312"
"48191","63"
"48193","118"
"48195","21"
"48197","71"
"48199","625"
"48201","156729"
"48203","2043"
"48205","29"
"48207","159"
"48209","6625"
"48211","15"
"48213","1593"
"48215","40276"
"48217","718"
"48219","183"
"48221","928"
"48223","628"
"48225","464"
"48227","350"
"48229","147"
"48231","1328"
"48233","153"
"48235","28"
"48237","87"
"48239","266"
"48241","932"
"48243","140"
"48245","16580"
"48247","1421"
"48249","4688"
"48251","2270"
"48253","173"
"48255","719"
"48257","2229"
"48259","641"
"48261","63"
"48263","22"
"48265","1016"
"48267","29"
"48269","2"
"48271","211"
"48273","1738"
"48275","68"
"48283","557"
"48277","923"
"48279","172"
"48281","324"
"48285","322"
"48287","366"
"48289","289"
"48291","1041"
"48293","592"
"48295","22"
"48297","203"
"48299","512"
"48301","3"
"48303","5767"
"48305","14"
"48313","227"
"48315","421"
"48317","36"
"48319","89"
"48321","1088"
"48323","4342"
"48307","93"
"48309","5531"
"48311","4"
"48325","1070"
"48327","23"
"48329","1551"
"48331","577"
"48333","50"
"48335","109"
"48337","153"
"48339","7540"
"48341","149"
"48343","461"
"48345","13"
"48347","1597"
"48349","955"
"48351","605"
"48353","270"
"48355","15662"
"48357","35"
"48359","11"
"48361","1852"
"48363","361"
"48365","559"
"48367","1800"
"48369","82"
"48371","816"
"48373","859"
"48375","1490"
"48377","776"
"48379","173"
"48381","1586"
"48383","12"
"48385","28"
"48387","377"
"48389","1128"
"48391","549"
"48393","3"
"48395","893"
"48397","1722"
"48399","80"
"48401","1114"
"48403","192"
"48405","366"
"48407","561"
"48409","2633"
"48411","58"
"48413","58"
"48415","154"
"48417","15"
"48419","346"
"48421","19"
"48423","5752"
"48425","66"
"48427","6918"
"48429","45"
"48431","5"
"48433","59"
"48435","27"
"48437","141"
"48439","67590"
"48441","1789"
"48443","67"
"48445","141"
"48447","26"
"48449","475"
"48451","1650"
"48453","69314"
"48455","333"
"48457","453"
"48459","725"
"48461","91"
"48463","1740"
"48465","1777"
"48467","722"
"48469","2205"
"48471","1290"
"48473","1221"
"48475","306"
"48477","781"
"48479","18559"
"48481","960"
"48483","37"
"48485","1958"
"48487","136"
"48489","2072"
"48491","16374"
"48493","1280"
"48495","30"
"48497","750"
"48499","660"
"48501","9"
"48503","198"
"48505","1969"
"48507","1557"
"50001","1111"
"50003","1255"
"50005","527"
"50007","5686"
"50009","141"
"50011","777"
"50013","233"
"50015","574"
"50017","646"
"50019","472"
"50021","1584"
"50023","1719"
"50025","1416"
"50027","2194"
"51001","1789"
"51003","8284"
"51510","16281"
"51005","433"
"51007","671"
"51009","1044"
"51011","448"
"51013","25561"
"51015","1639"
"51017","148"
"51019","1876"
"51021","125"
"51023","888"
"51520","428"
"51025","1354"
"51027","523"
"51029","806"
"51530","143"
"51031","1296"
"51033","1902"
"51035","600"
"51036","863"
"51037","635"
"51540","3888"
"51550","16126"
"51041","22674"
"51043","625"
"51570","407"
"51580","244"
"51045","113"
"51047","1421"
"51049","639"
"51590","2676"
"51051","346"
"51053","1935"
"51595","404"
"51057","642"
"51059","86898"
"51600","1840"
"51610","1587"
"51061","2860"
"51063","396"
"51065","1355"
"51067","1674"
"51620","831"
"51069","2136"
"51630","1396"
"51640","129"
"51071","405"
"51073","1448"
"51075","1572"
"51077","265"
"51079","579"
"51081","832"
"51083","1754"
"51650","13529"
"51085","4915"
"51660","1481"
"51087","28121"
"51089","1809"
"51091","86"
"51670","1177"
"51093","2446"
"51095","5210"
"51097","477"
"51099","916"
"51101","841"
"51103","823"
"51105","299"
"51678","402"
"51107","21171"
"51109","1630"
"51111","738"
"51680","3104"
"51113","538"
"51683","1812"
"51685","581"
"51690","834"
"51115","435"
"51117","1588"
"51119","559"
"51121","3506"
"51125","991"
"51127","951"
"51700","12495"
"51710","15747"
"51131","868"
"51133","818"
"51720","86"
"51135","829"
"51137","1322"
"51139","411"
"51141","361"
"51730","4099"
"51143","2369"
"51735","295"
"51740","9464"
"51145","1079"
"51147","1366"
"51149","1992"
"51153","26439"
"51155","837"
"51750","472"
"51157","416"
"51159","333"
"51760","21822"
"51161","3323"
"51770","4783"
"51163","902"
"51165","1734"
"51167","556"
"51775","824"
"51169","305"
"51171","958"
"51173","526"
"51175","1199"
"51177","5399"
"51179","6437"
"51790","1114"
"51800","7533"
"51181","812"
"51183","958"
"51185","683"
"51810","22352"
"51187","941"
"51191","1181"
"51820","788"
"51193","879"
"51830","1159"
"51840","949"
"51195","519"
"51197","528"
"51199","3292"
"1","1833"
"2","3225"
"3","4689"
"4","2846"
"21001",NA
"21003",NA
"21005",NA
"21007",NA
"21009",NA
"21011",NA
"21013",NA
"21015",NA
"21017",NA
"21019",NA
"21021",NA
"21023",NA
"21025",NA
"21027",NA
"21029",NA
"21031",NA
"21033",NA
"21035",NA
"21037",NA
"21039",NA
"21041",NA
"21043",NA
"21045",NA
"21047",NA
"21049",NA
"21051",NA
"21053",NA
"21055",NA
"21057",NA
"21059",NA
"21061",NA
"21063",NA
"21065",NA
"21067",NA
"21069",NA
"21071",NA
"21073",NA
"21075",NA
"21077",NA
"21079",NA
"21081",NA
"21083",NA
"21085",NA
"21087",NA
"21089",NA
"21091",NA
"21093",NA
"21095",NA
"21097",NA
"21099",NA
"21101",NA
"21103",NA
"21105",NA
"21107",NA
"21109",NA
"21111",NA
"21113",NA
"21115",NA
"21117",NA
"21119",NA
"21121",NA
"21123",NA
"21125",NA
"21127",NA
"21129",NA
"21131",NA
"21133",NA
"21135",NA
"21137",NA
"21139",NA
"21141",NA
"21143",NA
"21151",NA
"21153",NA
"21155",NA
"21157",NA
"21159",NA
"21161",NA
"21145",NA
"21147",NA
"21149",NA
"21163",NA
"21165",NA
"21167",NA
"21169",NA
"21171",NA
"21173",NA
"21175",NA
"21177",NA
"21179",NA
"21181",NA
"21183",NA
"21185",NA
"21187",NA
"21189",NA
"21191",NA
"21193",NA
"21195",NA
"21197",NA
"21199",NA
"21201",NA
"21203",NA
"21205",NA
"21207",NA
"21209",NA
"21211",NA
"21213",NA
"21215",NA
"21217",NA
"21219",NA
"21221",NA
"21223",NA
"21225",NA
"21227",NA
"21229",NA
"21231",NA
"21233",NA
"21235",NA
"21237",NA
"21239",NA
"22001","1862"
"22003","536"
"22005","4221"
"22007","1139"
"22009","1181"
"22011","679"
"22013","1056"
"22015","2919"
"22017","16666"
"22019","6594"
"22021","250"
"22023","123"
"22025","431"
"22027","768"
"22029","1830"
"22031","1508"
"22033","32960"
"22035","508"
"22037","1847"
"22039","1319"
"22041","650"
"22043","367"
"22045","2171"
"22047","3699"
"22049","827"
"22051","17581"
"22053","738"
"22059","136"
"22055","5920"
"22057","2512"
"22061","1692"
"22063","1633"
"22065","722"
"22067","1513"
"22069","2545"
"22071","40601"
"22073","8995"
"22075","674"
"22077","1680"
"22079","4722"
"22081","530"
"22083","696"
"22085","387"
"22087","1057"
"22089","2245"
"22091","1407"
"22093","2114"
"22095","3818"
"22097","4606"
"22099","1869"
"22101","1995"
"22103","5996"
"22105","4267"
"22107","492"
"22109","2647"
"22111","822"
"22113","1002"
"22115","610"
"22117","1663"
"22119","1878"
"22121","2178"
"22123","171"
"22125","902"
"22127","488"
"23001","76"
"23003","73"
"23005","346"
"23007","18"
"23009","51"
"23011","129"
"23013","37"
"23015","29"
"23017","32"
"23019","119"
"23021","14"
"23023","40"
"23025","41"
"23027","27"
"23029","22"
"23031","160"
"15001","0"
"15003","0"
"15007","0"
"15009","0"
"16001","1663"
"16003","19"
"16005","301"
"16007","12"
"16009","20"
"16011","55"
"16013","249"
"16015","36"
"16017","185"
"16019","217"
"16021","27"
"16023","5"
"16025","7"
"16027","278"
"16029","3"
"16031","36"
"16033","0"
"16035","38"
"16037","12"
"16039","77"
"16041","25"
"16043","5"
"16045","50"
"16047","28"
"16049","48"
"16051","24"
"16053","32"
"16055","493"
"16057","310"
"16059","17"
"16061","20"
"16063","15"
"16065","47"
"16067","26"
"16069","155"
"16071","5"
"16073","22"
"16075","46"
"16077","19"
"16079","45"
"16081","84"
"16083","201"
"16085","73"
"16087","35"
"26001","463"
"26003","384"
"26005","3489"
"26007","1102"
"26009","867"
"26011","595"
"26013","270"
"26015","1736"
"26017","5937"
"26019","853"
"26021","6646"
"26023","1010"
"26025","5230"
"26027","1657"
"26029","1044"
"26031","1010"
"26033","1230"
"26035","1090"
"26037","3409"
"26039","494"
"26041","1409"
"26043","908"
"26045","5560"
"26047","1369"
"26049","31284"
"26051","985"
"26053","678"
"26055","4140"
"26057","1185"
"26059","977"
"26061","1109"
"26063","1050"
"26065","18287"
"26067","1491"
"26069","1077"
"26071","527"
"26073","2032"
"26075","5288"
"26077","12593"
"26079","590"
"26081","25899"
"26083","128"
"26085","548"
"26087","3319"
"26089","1459"
"26091","3455"
"26093","6705"
"26095","167"
"26097","500"
"26099","47597"
"26101","1120"
"26103","3188"
"26105","1223"
"26107","1173"
"26109","835"
"26111","3097"
"26113","399"
"26115","6716"
"26117","1681"
"26119","392"
"26121","8220"
"26123","1290"
"26125","92296"
"26127","791"
"26129","862"
"26131","327"
"26133","670"
"26135","273"
"26137","786"
"26139","7686"
"26141","592"
"26143","1163"
"26145","12348"
"26151","1160"
"26153","312"
"26155","3031"
"26147","3665"
"26149","1382"
"26157","1984"
"26159","2484"
"26161","30022"
"26163","163886"
"26165","909"
"28001","3013"
"28003","809"
"28005","1212"
"28007","1519"
"28009","557"
"28011","3029"
"28013","748"
"28015","828"
"28017","1398"
"28019","517"
"28021","1411"
"28023","1044"
"28025","2372"
"28027","2301"
"28029","3373"
"28031","1356"
"28033","5420"
"28035","3708"
"28037","701"
"28039","349"
"28041","374"
"28043","1634"
"28045","893"
"28047","6886"
"28049","31386"
"28051","3301"
"28053","2894"
"28055","175"
"28057","377"
"28059","4811"
"28061","1976"
"28063","1550"
"28065","1806"
"28067","2681"
"28069","1008"
"28071","2451"
"28073","1464"
"28075","3306"
"28077","1112"
"28079","1614"
"28081","3020"
"28083","2094"
"28085","1817"
"28087","4030"
"28089","7414"
"28091","1539"
"28093","3361"
"28095","1913"
"28097","953"
"28099","929"
"28101","1000"
"28103","1397"
"28105","2389"
"28107","3061"
"28109","974"
"28111","401"
"28113","2870"
"28115","733"
"28117","681"
"28119","986"
"28121","4689"
"28123","2013"
"28125","645"
"28127","1855"
"28129","712"
"28131","544"
"28133","2332"
"28135","1341"
"28137","1435"
"28139","575"
"28141","361"
"28143","904"
"28145","593"
"28147","1111"
"28149","3463"
"28151","2982"
"28153","1441"
"28155","397"
"28157","1269"
"28159","1442"
"28161","1214"
"28163","2203"
"0",NA
"12001","17733"
"12003","654"
"12005","5209"
"12007","1056"
"12009","31835"
"12011","132527"
"12013","437"
"12015","8125"
"12017","6863"
"12019","5345"
"12021","12712"
"12023","2299"
"12027","987"
"12029","409"
"12031","58632"
"12033","16765"
"12035","6152"
"12037","665"
"12039","7446"
"12041","428"
"12043","387"
"12045","568"
"12047","758"
"12049","529"
"12051","1156"
"12053","8882"
"12055","3711"
"12057","68936"
"12059","339"
"12061","6897"
"12063","2798"
"12065","1671"
"12067","295"
"12069","15914"
"12071","27940"
"12073","27333"
"12075","1570"
"12077","316"
"12079","1542"
"12081","18116"
"12083","18220"
"12085","6523"
"12086","129467"
"12087","4830"
"12089","2910"
"12091","4559"
"12093","1150"
"12095","66654"
"12097","16512"
"12099","103369"
"12101","21760"
"12103","63699"
"12105","29328"
"12107","3182"
"12113","3938"
"12115","25881"
"12117","22069"
"12109","9734"
"12111","17554"
"12119","7022"
"12121","1475"
"12123","983"
"12125","336"
"12127","26276"
"12129","1659"
"12131","1515"
"12133","858"
"17001","1731"
"17003","770"
"17005","718"
"17007","1957"
"17009","160"
"17011","1518"
"17013","446"
"17015","625"
"17017","504"
"17019","10542"
"17021","1395"
"17023","560"
"17025","378"
"17027","906"
"17029","1708"
"17031","617612"
"17033","609"
"17035","364"
"17037","4135"
"17039","561"
"17041","483"
"17043","59103"
"17045","446"
"17047","143"
"17049","867"
"17051","616"
"17053","288"
"17055","2172"
"17057","2150"
"17059","531"
"17061","503"
"17063","2051"
"17065","418"
"17067","607"
"17069","162"
"17071","338"
"17073","2156"
"17075","542"
"17077","2826"
"17079","328"
"17081","1677"
"17083","853"
"17085","1315"
"17087","361"
"17089","24063"
"17091","4898"
"17093","5283"
"17095","2836"
"17097","49750"
"17099","5271"
"17101","417"
"17103","1292"
"17105","757"
"17107","737"
"17115","5945"
"17117","2770"
"17119","15332"
"17121","1609"
"17123","568"
"17125","680"
"17127","539"
"17109","1052"
"17111","13156"
"17113","7695"
"17129","398"
"17131","946"
"17133","1436"
"17135","1241"
"17137","917"
"17139","462"
"17141","1793"
"17143","11341"
"17145","853"
"17147","787"
"17149","495"
"17151","109"
"17153","285"
"17155","450"
"17157","1306"
"17159","448"
"17161","10216"
"17165","1042"
"17167","9255"
"17169","368"
"17171","150"
"17173","782"
"17163","20987"
"17175","197"
"17177","1953"
"17179","5867"
"17181","921"
"17183","3017"
"17185","356"
"17187","726"
"17189","409"
"17191","277"
"17193","565"
"17195","2895"
"17197","41651"
"17199","2978"
"17201","15065"
"17203","1277"
"29001","799"
"29003","498"
"29005","141"
"29007","749"
"29009","874"
"29011","205"
"29013","518"
"29015","669"
"29017","242"
"29019","9628"
"29021","3443"
"29023","889"
"29025","244"
"29027","1378"
"29029","1388"
"29031","2076"
"29033","233"
"29035","138"
"29037","3765"
"29039","332"
"29041","321"
"29043","2146"
"29045","202"
"29047","10630"
"29049","765"
"29051","2798"
"29053","516"
"29055","522"
"29057","201"
"29059","397"
"29061","239"
"29063","221"
"29065","327"
"29067","268"
"29069","724"
"29071","3701"
"29073","401"
"29075","171"
"29077","10910"
"29079","219"
"29081","158"
"29083","780"
"29085","73"
"29087","128"
"29089","413"
"29091","833"
"29093","349"
"29095","48860"
"29097","2289"
"29099","9637"
"29101","1473"
"29103","134"
"29105","737"
"29107","1173"
"29109","872"
"29111","239"
"29113","1561"
"29115","436"
"29117","397"
"29121","421"
"29123","346"
"29125","305"
"29127","925"
"29119","364"
"29129","69"
"29131","432"
"29133","486"
"29135","340"
"29137","252"
"29139","330"
"29141","554"
"29143","691"
"29145","1240"
"29147","616"
"29149","319"
"29151","314"
"29153","217"
"29155","602"
"29157","436"
"29159","1265"
"29161","1137"
"29163","661"
"29165","4645"
"29167","744"
"29169","860"
"29171","102"
"29173","415"
"29175","647"
"29177","942"
"29179","230"
"29181","259"
"29195","910"
"29197","124"
"29199","108"
"29201","1067"
"29203","317"
"29205","240"
"29183","17805"
"29185","340"
"29187","1939"
"29189","89373"
"29510","34458"
"29186","842"
"29207","674"
"29209","806"
"29211","177"
"29213","1199"
"29215","603"
"29217","490"
"29219","986"
"29221","754"
"29223","393"
"29225","940"
"29227","59"
"29229","402"
"37001","7374"
"37003","1148"
"37005","563"
"37007","2307"
"37009","1219"
"37011","326"
"37013","2934"
"37015","2065"
"37017","3442"
"37019","7192"
"37021","17604"
"37023","3511"
"37025","8096"
"37027","2156"
"37029","468"
"37031","2946"
"37033","1701"
"37035","5310"
"37037","7406"
"37039","1024"
"37041","974"
"37043","487"
"37045","4880"
"37047","3628"
"37049","5187"
"37051","22744"
"37053","780"
"37055","2003"
"37057","4489"
"37059","1377"
"37061","3036"
"37063","35845"
"37065","6411"
"37067","24446"
"37069","4951"
"37071","7697"
"37073","749"
"37075","321"
"37077","4693"
"37079","1643"
"37081","37880"
"37083","6224"
"37085","4655"
"37087","3748"
"37089","4811"
"37091","2926"
"37093","3528"
"37095","459"
"37097","5888"
"37099","2022"
"37101","7992"
"37103","910"
"37105","3224"
"37107","4731"
"37109","2812"
"37113","1548"
"37115","1201"
"37117","2469"
"37111","1353"
"37119","71265"
"37121","314"
"37123","1366"
"37125","4679"
"37127","8554"
"37129","12240"
"37131","3195"
"37133","4560"
"37135","17546"
"37137","922"
"37139","2471"
"37141","2880"
"37143","711"
"37145","2954"
"37147","11856"
"37149","1099"
"37151","2969"
"37153","2941"
"37155","8457"
"37157","4464"
"37159","5031"
"37161","2382"
"37163","3790"
"37165","2671"
"37167","2153"
"37169","1433"
"37171","2380"
"37173","666"
"37175","1794"
"37177","266"
"37179","7630"
"37181","4561"
"37183","77927"
"37185","2827"
"37187","1374"
"37189","2514"
"37191","7546"
"37193","2107"
"37195","6408"
"37197","832"
"37199","1134"
"39001","877"
"39003","3670"
"39005","1451"
"39007","5320"
"39009","3533"
"39011","1031"
"39013","3982"
"39015","1562"
"39017","12874"
"39019","1084"
"39021","1226"
"39023","7107"
"39025","5642"
"39027","909"
"39029","4106"
"39031","1358"
"39033","1344"
"39035","125914"
"39037","1246"
"39039","1507"
"39041","9552"
"39043","5449"
"39045","6408"
"39047","760"
"39049","84654"
"39051","1480"
"39053","945"
"39055","4171"
"39057","6672"
"39059","1440"
"39061","57687"
"39063","2062"
"39065","771"
"39067","818"
"39069","977"
"39071","1119"
"39073","1204"
"39075","561"
"39077","2036"
"39079","1010"
"39081","4328"
"39083","1902"
"39085","12506"
"39087","2654"
"39089","6785"
"39091","1012"
"39093","21144"
"39095","32137"
"39097","1225"
"39099","21000"
"39101","2585"
"39103","7913"
"39105","800"
"39107","1037"
"39109","3155"
"39111","1191"
"39113","33352"
"39115","566"
"39117","1164"
"39119","3066"
"39121","522"
"39123","2566"
"39125","723"
"39127","1465"
"39129","2097"
"39131","1336"
"39133","8665"
"39135","1176"
"39137","811"
"39139","5225"
"39141","3582"
"39143","2866"
"39145","3499"
"39147","2081"
"39149","1284"
"39151","21515"
"39153","38874"
"39155","17903"
"39157","4479"
"39159","1580"
"39161","710"
"39163","515"
"39165","6970"
"39167","2557"
"39169","3448"
"39171","1007"
"39173","6108"
"39175","661"
"4001","4450"
"4003","4654"
"4005","5738"
"4007","2196"
"4009","937"
"4011","497"
"4012","309"
"4013","126988"
"4015","4170"
"4017","4415"
"4019","56317"
"4021","9771"
"4023","2496"
"4025","8401"
"4027","4358"
"49001","0"
"49003","90"
"49005","630"
"49007","128"
"49009","1"
"49011","747"
"49013","37"
"49015","26"
"49017","23"
"49019","161"
"49021","142"
"49023","16"
"49025","50"
"49027","9"
"49029","39"
"49031","0"
"49033","0"
"49035","9431"
"49037","44"
"49039","44"
"49041","34"
"49043","751"
"49045","240"
"49047","39"
"49049","1011"
"49051","170"
"49053","660"
"49055","30"
"49057","1113"
